Toronto-ON
Montreal-QC
Vancouver-BC
Calgary-AB
Edmonton-AB
Ottawa-ON
Winnipeg-MB
Quebec-City-QC
Hamilton-ON
Kitchener-ON
London-ON
Halifax-NS
Victoria-BC
Oshawa-ON
Windsor-ON
Saskatoon-SK
Regina-SK
St-Johns-NL
Barrie-ON
Kelowna-BC
Abbotsford-BC
Sherbrooke-QC
Trois-Rivieres-QC
Guelph-ON
Kingston-ON
Sudbury-ON
Moncton-NB
Brantford-ON
Nanaimo-BC
Saint-John-NB
Kamloops-BC
Lethbridge-AB
Red-Deer-AB
Thunder-Bay-ON
Peterborough-ON
Prince-George-BC
Sarnia-ON
Charlottetown-PE
Whitehorse-YT
Yellowknife-NT
Iqaluit-NU